{"cameraMode":{"drawMode":0,"name":"Shaded","section":"Shading Mode"},"sceneLighting":true,"audioPlay":false,"sceneViewState":{"m_AlwaysRefresh":false,"showFog":true,"showSkybox":true,"showFlares":true,"showImageEffects":true,"showParticleSystems":true,"showVisualEffectGraphs":true,"m_FxEnabled":false},"in2DMode":false,"pivot":{"x":5.271474838256836,"y":10.647056579589844,"z":2.0739059448242189},"rotation":{"x":-0.09167955815792084,"y":0.008063738234341145,"z":-0.0007417930173687637,"w":-0.9957690238952637},"size":11.372421264648438,"orthographic":false}